#SampleID,Index,Phenotype,Association_with 
86.AVd_148,ATTCTCTCACGT,T,fl_fl
87.AVd_150,CGACTCTAAACG,T,fl_fl
81.AVd_108,TGTAAGACTTGG,TF,fl_fl
83.AVd_109,GCATCAGAGTTA,TF,fl_fl
85.AVd_110,CAACACATGCTG,TF,fl_fl
88.AVd_154,GTCTTCAGCAAG,TF,fl_fl
111.AVd_312,ACCAGTGACTCA,TF,fl_fl
112.AVd_306,GAATACCAAGTC,TF,fl_fl
113.AVd_307,GTAGATCGTGTA,TF,fl_fl
114.AVd_308,TAACGTGTGTGC,TF,fl_fl
89.AVd_166,CGGATAACCTCC,T,tg_tg
90.AVd_167,GACTTCATGCGA,T,tg_tg
93.AVd_292,AACTTTCAGGAG,T,tg_tg
94.AVd_296,TGCACGTGATAA,T,tg_tg
95.AVd_298,GTTCGGTGTCCA,T,tg_tg
118.AVd_290,CAGCTCATCAGC,T,tg_tg
92.AVd_170,TGTGGCTCGTGT,TF,tg_tg
