#SampleID,Index,Phenotype,,,,,,
101.AVd_295,ATCACCAGGTGT,T,TF,,,,,
103.AVd_309,ATCGCACAGTAA,TF,TF,,,,,
105.AVd_310,AGCGGAGGTTAG,TF,TF,,,,,
11.AVd_99,TGCATACACTGG,TF,TF,,,,,
123.AVd_312,GTATCTGCGCGT,TF,T,,,,,
125.AVd_306,CAAATTCGGGAT,TF,T,,,,,
127.AVd_307,AGTTACGAGCTA,TF,T,,,,,
129.AVd_308,CAACTCCCGTGA,TF,TF,,,,,
13.AVd_151,TTGCGTTAGCAG,TF,TF,,,,,
16.AVd_168,TTGGGTACACGT,TF,TF,,,,,
18.AVd_171,TAATACGGATCG,TF,TF,,,,,
20.AVd_293,CATTCGTGGCGT,TF,TF,,,,,
22.AVd_299,GATGTTCGCTAG,TF,T,,,,,
24.AVd_100,GTCGACAGAGGA,TF,TF,,,,,
25.AVd_108,TATACCGCTGCG,TF,TF,,,,,
28.AVd_153,GTGGAGTCTCAT,TF,TF,,,,,
30.AVd_148,TATCGACACAAG,T,TF,,,,,
32.AVd_176,ATGGGTTCCGTC,TF,TF,,,,,
34.AVd_166,ATTCTGCCGAAG,T,T,,,,,
36.AVd_291,ATGGCTGTCAGT,TF,T,,,,,
38.AVd_292,CTCACAACCGTG,T,T,,,,,
40.AVd_109,GATCCCACGTAC,TF,TF,,,,,
42.AVd_110,GCCTAGCCCAAT,TF,TF,,,,,
44.AVd_150,ACTCCTTGTGTT,T,TF,,,,,
46.AVd_154,TCTTGGAGGTCA,TF,TF,,,,,
48.AVd_167,GAGAGCAACAGA,T,T,,,,,
50.AVd_170,TACCGAAGGTAT,TF,TF,,,,,
52.AVd_296,GCAATTAGGTAC,T,T,,,,,
53.AVd_298,GCTCTCCGTAGA,T,T,,,,,
9.AVd_98,AGGGTGACTTTA,TF,TF,,,,,
97.AVd_294,AAGACAGCTATC,TF,TF,,,,,
99.AVd_290,TTCTCCATCACA,T,T,,,,,
